{"model_dir": "data/OZG64", "trials": [0, 128, 256, 384, 512, 640, 768, 896, 1024, 1152, 1280, 1408, 1536, 1664, 1792, 1920, 2048, 2176, 2304, 2432, 2560, 2688, 2816, 2944, 3072, 3200, 3328, 3456, 3584, 3712, 3840, 3968, 4096, 4224, 4352, 4480, 4608, 4736, 4864, 4992, 5120, 5248, 5376, 5504, 5632, 5760, 5888, 6016, 6144, 6272, 6400, 6528, 6656, 6784, 6912, 7040, 7168, 7296, 7424, 7552, 7680, 7808, 7936, 8064, 8192, 8320, 8448, 8576, 8704, 8832, 8960, 9088, 9216, 9344, 9472, 9600, 9728, 9856, 9984, 10112, 10240, 10368, 10496, 10624, 10752, 10880, 11008, 11136, 11264, 11392, 11520, 11648, 11776, 11904, 12032, 12160, 12288, 12416, 12544, 12672, 12800, 12928, 13056, 13184, 13312, 13440], "times": [0.8866291046142578, 5.685316324234009, 10.171393871307373, 14.71048879623413, 19.191391468048096, 23.607341051101685, 27.982041835784912, 32.49152851104736, 36.978273153305054, 41.420697927474976, 45.89173603057861, 50.323941707611084, 54.71734666824341, 59.10782837867737, 63.596059799194336, 68.10031652450562, 72.63081622123718, 77.09643888473511, 81.42084383964539, 86.0238709449768, 90.43232870101929, 94.74899196624756, 99.16671705245972, 103.60664129257202, 108.0119698047638, 112.47622084617615, 116.9798789024353, 121.40788698196411, 125.82877850532532, 130.32091569900513, 134.70264744758606, 139.0694603919983, 143.5267210006714, 147.98120260238647, 152.36859965324402, 156.792307138443, 161.1216881275177, 165.34792375564575, 169.8730947971344, 174.25050687789917, 178.7494673728943, 183.12749814987183, 187.54171466827393, 192.03854608535767, 196.56497836112976, 200.97218942642212, 205.41742634773254, 209.87469244003296, 214.23039150238037, 218.7091145515442, 223.14193320274353, 227.56001496315002, 231.9721817970276, 236.28870391845703, 240.80670166015625, 245.15705585479736, 249.57305097579956, 254.09815645217896, 258.55832052230835, 262.9696786403656, 267.44489789009094, 271.9530689716339, 276.3335528373718, 280.72247862815857, 285.24972438812256, 289.7609295845032, 294.17092275619507, 298.58884263038635, 303.05825901031494, 307.4878959655762, 311.9523255825043, 316.5174331665039, 320.92199182510376, 325.4603707790375, 329.8987500667572, 334.3707129955292, 338.79789447784424, 343.1723520755768, 347.62268924713135, 352.04183626174927, 356.44955348968506, 360.9328441619873, 365.44388246536255, 369.9049482345581, 374.33845829963684, 378.7754240036011, 383.19495701789856, 387.5792043209076, 391.8710985183716, 396.41747093200684, 400.90605664253235, 405.30742049217224, 409.7230212688446, 414.12168407440186, 420.90470814704895, 425.249972820282, 429.71430349349976, 434.1479480266571, 438.50098633766174, 442.8773567676544, 447.28458762168884, 451.72429490089417, 456.2627201080322, 460.714239358902, 465.22244596481323, 469.7787456512451], "cost_overlap": [1.5748195201158524, 1.4439431726932526, 1.3924514278769493, 1.2124492824077606, 1.0946673452854156, 1.017821755260229, 0.9272708222270012, 0.866081953048706, 0.7651046924293041, 0.7066792026162148, 0.6950630322098732, 0.6036883778870106, 0.5975376348942518, 0.5419781561940908, 0.5877887066453695, 0.5585148278623819, 0.5707234479486942, 0.5460066348314285, 0.5383585151284933, 0.4994103144854307, 0.5716839283704758, 0.5585950501263142, 0.5385494399815798, 0.552678881213069, 0.5139682162553072, 0.5356645453721285, 0.5603384487330914, 0.5592812541872263, 0.546515941619873, 0.5432103611528873, 0.5321146436035633, 0.5387321133166552, 0.5366937778890133, 0.5633482430130243, 0.5401166509836912, 0.4994336012750864, 0.5467039365321398, 0.5174130741506815, 0.5457512587308884, 0.5546057894825935, 0.5258626397699118, 0.5150595903396606, 0.5262077637016773, 0.47638825327157974, 0.5005841497331858, 0.5168464742600918, 0.5487641450017691, 0.5462523568421602, 0.5062129516154528, 0.5210562516003847, 0.5356032513082027, 0.5317468177527189, 0.5251754857599735, 0.496096471324563, 0.5547632556408644, 0.5435537025332451, 0.5148833561688662, 0.5293741673231125, 0.5272580217570066, 0.5092825219035149, 0.5040902998298407, 0.5097301285713911, 0.5316301882266998, 0.5114737302064896, 0.4791347049176693, 0.48456428572535515, 0.5303526148200035, 0.5474424511194229, 0.49466527812182903, 0.5271463990211487, 0.5097518600523472, 0.5136608760803938, 0.46624051965773106, 0.5153256896883249, 0.5275179091840982, 0.5069879032671452, 0.4793740827590227, 0.5045897588133812, 0.5155386831611395, 0.4942174647003412, 0.5044174361974001, 0.46963992714881897, 0.5077912472188473, 0.4607826992869377, 0.4661601819097996, 0.46852055564522743, 0.4555981755256653, 0.46730084903538227, 0.43306090123951435, 0.42801225185394287, 0.42092711105942726, 0.43820639699697495, 0.43086180090904236, 0.3740575574338436, 0.4057733342051506, 0.3557838909327984, 0.35165376402437687, 0.3580124583095312, 0.3381388448178768, 0.2978099873289466, 0.33133708219975233, 0.29670588579028845, 0.29971229564398527, 0.2613458149135113, 0.2601386895403266, 0.2664635591208935], "creg_overlap": [0.0, 0.0, 0.0, 0.0, 0.0, 0.0, 0.0, 0.0, 0.0, 0.0, 0.0, 0.0, 0.0, 0.0, 0.0, 0.0, 0.0, 0.0, 0.0, 0.0, 0.0, 0.0, 0.0, 0.0, 0.0, 0.0, 0.0, 0.0, 0.0, 0.0, 0.0, 0.0, 0.0, 0.0, 0.0, 0.0, 0.0, 0.0, 0.0, 0.0, 0.0, 0.0, 0.0, 0.0, 0.0, 0.0, 0.0, 0.0, 0.0, 0.0, 0.0, 0.0, 0.0, 0.0, 0.0, 0.0, 0.0, 0.0, 0.0, 0.0, 0.0, 0.0, 0.0, 0.0, 0.0, 0.0, 0.0, 0.0, 0.0, 0.0, 0.0, 0.0, 0.0, 0.0, 0.0, 0.0, 0.0, 0.0, 0.0, 0.0, 0.0, 0.0, 0.0, 0.0, 0.0, 0.0, 0.0, 0.0, 0.0, 0.0, 0.0, 0.0, 0.0, 0.0, 0.0, 0.0, 0.0, 0.0, 0.0, 0.0, 0.0, 0.0, 0.0, 0.0, 0.0, 0.0], "perf_overlap": [0.1796875, 0.212890625, 0.20703125, 0.201171875, 0.177734375, 0.177734375, 0.18359375, 0.201171875, 0.1796875, 0.1953125, 0.22265625, 0.19921875, 0.18359375, 0.1953125, 0.203125, 0.2109375, 0.212890625, 0.212890625, 0.189453125, 0.234375, 0.197265625, 0.197265625, 0.1796875, 0.203125, 0.185546875, 0.19921875, 0.1953125, 0.19921875, 0.201171875, 0.18359375, 0.23828125, 0.21875, 0.19140625, 0.224609375, 0.23046875, 0.224609375, 0.19140625, 0.166015625, 0.189453125, 0.251953125, 0.212890625, 0.185546875, 0.1953125, 0.189453125, 0.19140625, 0.166015625, 0.23046875, 0.21875, 0.1953125, 0.212890625, 0.234375, 0.203125, 0.2109375, 0.25, 0.2421875, 0.23046875, 0.236328125, 0.232421875, 0.24609375, 0.208984375, 0.21875, 0.216796875, 0.2421875, 0.224609375, 0.203125, 0.20703125, 0.236328125, 0.220703125, 0.21875, 0.21875, 0.271484375, 0.21875, 0.216796875, 0.283203125, 0.28515625, 0.302734375, 0.2890625, 0.482421875, 0.529296875, 0.416015625, 0.39453125, 0.427734375, 0.3671875, 0.38671875, 0.447265625, 0.603515625, 0.52734375, 0.494140625, 0.55078125, 0.515625, 0.630859375, 0.69921875, 0.642578125, 0.794921875, 0.759765625, 0.744140625, 0.744140625, 0.806640625, 0.765625, 0.81640625, 0.818359375, 0.86328125, 0.84765625, 0.896484375, 0.939453125, 0.98828125],