{"model_dir": "data/OZG", "trials": [0, 128, 256, 384, 512, 640, 768, 896, 1024, 1152, 1280, 1408, 1536, 1664, 1792, 1920, 2048, 2176, 2304, 2432, 2560, 2688, 2816, 2944, 3072, 3200, 3328, 3456, 3584, 3712, 3840, 3968, 4096, 4224, 4352, 4480, 4608, 4736, 4864, 4992, 5120, 5248, 5376, 5504, 5632, 5760, 5888, 6016, 6144, 6272, 6400, 6528, 6656, 6784, 6912, 7040, 7168, 7296, 7424, 7552, 7680, 7808, 7936, 8064, 8192, 8320, 8448, 8576, 8704, 8832, 8960, 9088, 9216, 9344, 9472, 9600, 9728], "times": [0.8208034038543701, 5.675230026245117, 10.26868200302124, 14.839754343032837, 19.386118412017822, 23.884814023971558, 28.43593120574951, 32.936755657196045, 37.49016213417053, 42.015655517578125, 46.658884048461914, 51.17787051200867, 55.75784254074097, 60.244837045669556, 64.85904479026794, 69.37431573867798, 74.05076289176941, 78.66861915588379, 83.14065480232239, 87.65262508392334, 92.1890058517456, 96.62941455841064, 101.14478707313538, 105.53784394264221, 109.96310305595398, 114.44484066963196, 119.03445744514465, 123.50948452949524, 127.92506217956543, 132.445050239563, 137.00343656539917, 141.54343008995056, 146.1331331729889, 150.81100487709045, 156.14296770095825, 160.6321141719818, 165.26209330558777, 169.77379417419434, 174.18976187705994, 179.16337323188782, 183.67032551765442, 188.1029713153839, 192.56004643440247, 197.11169862747192, 201.8294758796692, 206.3444745540619, 210.82960724830627, 215.46487188339233, 219.89900922775269, 224.53038668632507, 229.08838081359863, 233.6002802848816, 238.09268355369568, 242.57300662994385, 247.17825627326965, 251.48137855529785, 255.94128680229187, 260.5742995738983, 265.15764808654785, 269.58852648735046, 274.21228861808777, 278.6705069541931, 283.18009781837463, 287.56954407691956, 292.1688902378082, 296.71372747421265, 301.24798703193665, 305.8403437137604, 310.34180760383606, 314.80396485328674, 319.13541197776794, 323.7309477329254, 328.21674036979675, 335.21226048469543, 339.62831687927246, 344.08428263664246, 348.51667308807373], "cost_overlap": [1.7712538614869118, 1.2556142434477806, 0.9737441949546337, 0.7269285023212433, 0.6234018467366695, 0.6071299687027931, 0.5931235793977976, 0.5938404649496078, 0.5584200117737055, 0.5502870418131351, 0.5796250384300947, 0.5288192238658667, 0.5429271422326565, 0.49613626673817635, 0.5490026976913214, 0.5279029253870249, 0.5477039217948914, 0.5286276619881392, 0.5239039864391088, 0.4867364875972271, 0.5571296513080597, 0.5457675885409117, 0.5278991367667913, 0.5433042198419571, 0.5073373708873987, 0.5295672155916691, 0.554595248773694, 0.5534588061273098, 0.5400802809745073, 0.5375928096473217, 0.5267990827560425, 0.5329479239881039, 0.5309997871518135, 0.5574232526123524, 0.5343310665339231, 0.4939749799668789, 0.5401444006711245, 0.5108441188931465, 0.5393291637301445, 0.5479634664952755, 0.5194336399435997, 0.5086360331624746, 0.5192528683692217, 0.46999989077448845, 0.49264304526150227, 0.5087875947356224, 0.5397022627294064, 0.5363547690212727, 0.4967723060399294, 0.5094038285315037, 0.5246498249471188, 0.5186602380126715, 0.5110028311610222, 0.48201787658035755, 0.5375496167689562, 0.5246394481509924, 0.4942041952162981, 0.5057129058986902, 0.49978766962885857, 0.47901988960802555, 0.467524990439415, 0.4638143852353096, 0.4740692377090454, 0.4393449854105711, 0.39858330599963665, 0.39031272381544113, 0.40373403020203114, 0.3974562883377075, 0.3646090403199196, 0.35816587693989277, 0.32731540873646736, 0.3243604265153408, 0.27303364779800177, 0.2738017672672868, 0.2704737400636077, 0.23109978903084993, 0.19434520509094], "creg_overlap": [0.0, 0.0, 0.0, 0.0, 0.0, 0.0, 0.0, 0.0, 0.0, 0.0, 0.0, 0.0, 0.0, 0.0, 0.0, 0.0, 0.0, 0.0, 0.0, 0.0, 0.0, 0.0, 0.0, 0.0, 0.0, 0.0, 0.0, 0.0, 0.0, 0.0, 0.0, 0.0, 0.0, 0.0, 0.0, 0.0, 0.0, 0.0, 0.0, 0.0, 0.0, 0.0, 0.0, 0.0, 0.0, 0.0, 0.0, 0.0, 0.0, 0.0, 0.0, 0.0, 0.0, 0.0, 0.0, 0.0, 0.0, 0.0, 0.0, 0.0, 0.0, 0.0, 0.0, 0.0, 0.0, 0.0, 0.0, 0.0, 0.0, 0.0, 0.0, 0.0, 0.0, 0.0, 0.0, 0.0, 0.0], "perf_overlap": [0.0, 0.21875, 0.193359375, 0.205078125, 0.1875, 0.1875, 0.17578125, 0.19921875, 0.18359375, 0.201171875, 0.2109375, 0.21484375, 0.181640625, 0.1875, 0.212890625, 0.22265625, 0.216796875, 0.20703125, 0.185546875, 0.236328125, 0.18359375, 0.177734375, 0.193359375, 0.201171875, 0.208984375, 0.19921875, 0.169921875, 0.208984375, 0.15234375, 0.1796875, 0.248046875, 0.22265625, 0.244140625, 0.234375, 0.240234375, 0.21875, 0.25390625, 0.16796875, 0.201171875, 0.232421875, 0.20703125, 0.19921875, 0.189453125, 0.1796875, 0.171875, 0.162109375, 0.21484375, 0.22265625, 0.228515625, 0.283203125, 0.220703125, 0.234375, 0.220703125, 0.275390625, 0.302734375, 0.361328125, 0.65625, 0.625, 0.3046875, 0.25, 0.265625, 0.23828125, 0.240234375, 0.50390625, 0.44921875, 0.505859375, 0.470703125, 0.46484375, 0.521484375, 0.5, 0.541015625, 0.57421875, 0.716796875, 0.763671875, 0.8515625, 0.962890625, 1.0], "cost_zero_gap": [1.7755625918507576, 1.2454049438238144, 0.90485779941082, 0.734325148165226, 0.6398732885718346, 0.5836163591593504, 0.5829836335033178, 0.5724405031651258, 0.5454695522785187, 0.5424612332135439, 0.5168905090540648, 0.5367197282612324, 0.544871998950839, 0.5030339621007442, 0.4939686618745327, 0.5324470438063145, 0.5047960299998522, 0.5508219730108976, 0.5349219739437103, 0.5378564577549696, 0.5586080998182297, 0.5130471009761095, 0.5138527620583773, 0.5233825147151947, 0.5187028553336859, 0.4975102599710226, 0.5070031527429819, 0.49707123823463917, 0.5034488756209612, 0.5458680260926485, 0.5060749221593142, 0.507223529741168, 0.5168836060911417, 0.5034720450639725, 0.516933498904109, 0.5092014111578465, 0.5269734300673008, 0.5220613647252321, 0.5106758624315262, 0.48521274141967297, 0.5450805481523275, 0.5329477284103632, 0.5201181210577488, 0.5143922679126263, 0.5173074528574944, 0.5462479945272207, 0.4831616673618555, 0.5370733737945557, 0.500990591943264, 0.5243906602263451, 0.5250682886689901, 0.5314556136727333, 0.5196059495210648, 0.49845006689429283, 0.4685390219092369, 0.5287300441414118, 0.5145749133080244, 0.47814544662833214, 0.46685042791068554, 0.4831025078892708, 0.5043538473546505, 0.4690833482891321, 0.45960933715105057, 0.43244277872145176, 0.4208409748971462, 0.43408476561307907, 0.429888591170311, 0.385993218049407, 0.3668214324861765, 0.3581143468618393, 0.30474953167140484, 0.3174439873546362, 0.2936920924112201, 0.27879767678678036, 0.27398353163152933, 0.2248995304107666, 0.21874693036079407], "creg_zero_gap": [0.0, 0.0, 0.0, 0.0, 0.0, 0.0, 0.0, 0.0, 0.0, 0.0, 0.0, 0.0, 0.0, 0.0, 0.0, 0.0, 0.0, 0.0, 0.0, 0.0, 0.0, 0.0, 0.0, 0.0, 0.0, 0.0, 0.0, 0.0, 0.0, 0.0, 0.0, 0.0, 0.0, 0.0, 0.0, 0.0, 0.0, 0.0, 0.0, 0.0, 0.0, 0.0, 0.0, 0.0, 0.0, 0.0, 0.0, 0.0, 0.0, 0.0, 0.0, 0.0, 0.0, 0.0, 0.0, 0.0, 0.0, 0.0, 0.0, 0.0, 0.0, 0.0, 0.0, 0.0, 0.0, 0.0, 0.0, 0.0, 0.0, 0.0, 0.0, 0.0, 0.0, 0.0, 0.0, 0.0, 0.0], "perf_zero_gap": [0.0, 0.19140625, 0.203125, 0.208984375, 0.22265625, 0.23046875, 0.16796875, 0.234375, 0.201171875, 0.203125, 0.189453125, 0.216796875, 0.232421875, 0.197265625, 0.224609375, 0.21484375, 0.1953125, 0.212890625, 0.201171875, 0.197265625, 0.21875, 0.201171875, 0.19921875, 0.205078125, 0.17578125, 0.205078125, 0.208984375, 0.189453125, 0.193359375, 0.197265625, 0.234375, 0.189453125, 0.326171875, 0.306640625, 0.287109375, 0.271484375, 0.23046875, 0.203125, 0.205078125, 0.181640625, 0.21484375, 0.203125, 0.23046875, 0.1875, 0.201171875, 0.228515625, 0.232421875, 0.267578125, 0.2421875, 0.19140625, 0.203125, 0.189453125, 0.21484375, 0.283203125, 0.2734375, 0.326171875, 0.26171875, 0.302734375, 0.677734375, 0.62109375, 0.55859375, 0.537109375, 0.5078125, 0.59375, 0.42578125, 0.4609375, 0.416015625, 0.458984375, 0.4921875, 0.46484375, 0.53125, 0.650390625, 0.6875, 0.78125, 0.8671875, 0.943359375, 1.0],